{
"doctors":
[
  {
    "gender": "male",
    "name": "John Smith",
    "email": "john@test.com",
    "mobile": "050000000",
    "picURL": "https://i.pinimg.com/736x/3f/e8/d0/3fe8d06e45f930074c2134a9c5f535d9.jpg",
    "specialisation": "Heart"
  },
  {
    "gender": "female",
    "name": "Lora Jakson",
    "email": "lora@test.com",
    "mobile": "05111111",
    "picURL": "https://image.freepik.com/free-photo/beautiful-young-female-doctor-looking-camera-office_1301-7807.jpg",
    "specialisation": "Dentist"
  }
  ,
  {
    "gender": "female",
    "name": "Sam Clien",
    "email": "sam@test.com",
    "mobile": "052222222",
    "picURL": "https://images.freeimages.com/images/premium/previews/1725/17258509-young-female-doctor-medical-student-intern-white-background.jpg",
    "specialisation": "Nose And Throat"
  },
  {
    "gender": "male",
    "name": "Simon Clay",
    "email": "simon@test.com",
    "mobile": "05333333",
    "picURL": "https://i.pinimg.com/originals/14/cb/53/14cb53b8325764d8d387005ff8e4150c.jpg",
    "specialisation": "Heart"
  }
]
}
